<?xml version="1.0" encoding="UTF-8"?>
<GenRun Id="impl_1" LaunchPart="xc7a100tfgg484-1" LaunchTime="1634262001">
  <File Type="ROUTE-PWR" Name="switch_to_led_power_routed.rpt"/>
  <File Type="PA-TCL" Name="switch_to_led.tcl"/>
  <File Type="BITSTR-BMM" Name="switch_to_led_bd.bmm"/>
  <File Type="ROUTE-PWR-SUM" Name="switch_to_led_power_summary_routed.pb"/>
  <File Type="REPORTS-TCL" Name="switch_to_led_reports.tcl"/>
  <File Type="OPT-DCP" Name="switch_to_led_opt.dcp"/>
  <File Type="OPT-DRC" Name="switch_to_led_drc_opted.rpt"/>
  <File Type="OPT-HWDEF" Name="switch_to_led.hwdef"/>
  <File Type="PWROPT-DCP" Name="switch_to_led_pwropt.dcp"/>
  <File Type="PLACE-DCP" Name="switch_to_led_placed.dcp"/>
  <File Type="PLACE-IO" Name="switch_to_led_io_placed.rpt"/>
  <File Type="PLACE-UTIL" Name="switch_to_led_utilization_placed.rpt"/>
  <File Type="PLACE-UTIL-PB" Name="switch_to_led_utilization_placed.pb"/>
  <File Type="PLACE-CTRL" Name="switch_to_led_control_sets_placed.rpt"/>
  <File Type="PLACE-PRE-SIMILARITY" Name="switch_to_led_incremental_reuse_pre_placed.rpt"/>
  <File Type="BG-BGN" Name="switch_to_led.bgn"/>
  <File Type="POSTPLACE-PWROPT-DCP" Name="switch_to_led_postplace_pwropt.dcp"/>
  <File Type="BG-BIN" Name="switch_to_led.bin"/>
  <File Type="PHYSOPT-DCP" Name="switch_to_led_physopt.dcp"/>
  <File Type="BITSTR-MSK" Name="switch_to_led.msk"/>
  <File Type="ROUTE-ERROR-DCP" Name="switch_to_led_routed_error.dcp"/>
  <File Type="ROUTE-DCP" Name="switch_to_led_routed.dcp"/>
  <File Type="ROUTE-BLACKBOX-DCP" Name="switch_to_led_routed_bb.dcp"/>
  <File Type="ROUTE-DRC" Name="switch_to_led_drc_routed.rpt"/>
  <File Type="ROUTE-DRC-PB" Name="switch_to_led_drc_routed.pb"/>
  <File Type="ROUTE-DRC-RPX" Name="switch_to_led_drc_routed.rpx"/>
  <File Type="BITSTR-LTX" Name="switch_to_led.ltx"/>
  <File Type="ROUTE-METHODOLOGY-DRC" Name="switch_to_led_methodology_drc_routed.rpt"/>
  <File Type="BITSTR-MMI" Name="switch_to_led.mmi"/>
  <File Type="ROUTE-METHODOLOGY-DRC-RPX" Name="switch_to_led_methodology_drc_routed.rpx"/>
  <File Type="ROUTE-METHODOLOGY-DRC-PB" Name="switch_to_led_methodology_drc_routed.pb"/>
  <File Type="BITSTR-SYSDEF" Name="switch_to_led.sysdef"/>
  <File Type="ROUTE-PWR-RPX" Name="switch_to_led_power_routed.rpx"/>
  <File Type="ROUTE-STATUS" Name="switch_to_led_route_status.rpt"/>
  <File Type="ROUTE-STATUS-PB" Name="switch_to_led_route_status.pb"/>
  <File Type="ROUTE-TIMINGSUMMARY" Name="switch_to_led_timing_summary_routed.rpt"/>
  <File Type="ROUTE-TIMING-PB" Name="switch_to_led_timing_summary_routed.pb"/>
  <File Type="ROUTE-TIMING-RPX" Name="switch_to_led_timing_summary_routed.rpx"/>
  <File Type="ROUTE-CLK" Name="switch_to_led_clock_utilization_routed.rpt"/>
  <File Type="ROUTE-BUS-SKEW" Name="switch_to_led_bus_skew_routed.rpt"/>
  <File Type="ROUTE-BUS-SKEW-PB" Name="switch_to_led_bus_skew_routed.pb"/>
  <File Type="ROUTE-BUS-SKEW-RPX" Name="switch_to_led_bus_skew_routed.rpx"/>
  <File Type="POSTROUTE-PHYSOPT-DCP" Name="switch_to_led_postroute_physopt.dcp"/>
  <File Type="POSTROUTE-PHYSOPT-BLACKBOX-DCP" Name="switch_to_led_postroute_physopt_bb.dcp"/>
  <File Type="BG-BIT" Name="switch_to_led.bit"/>
  <File Type="BITSTR-RBT" Name="switch_to_led.rbt"/>
  <File Type="BITSTR-NKY" Name="switch_to_led.nky"/>
  <File Type="BG-DRC" Name="switch_to_led.drc"/>
  <File Type="RDI-RDI" Name="switch_to_led.vdi"/>
  <File Type="WBT-USG" Name="usage_statistics_webtalk.html"/>
  <FileSet Name="sources" Type="DesignSrcs" RelSrcDir="$PSRCDIR/sources_1">
    <Filter Type="Srcs"/>
    <File Path="$PPRDIR/switch_to_led.v">
      <FileInfo>
        <Attr Name="UsedIn" Val="synthesis"/>
        <Attr Name="UsedIn" Val="implementation"/>
        <Attr Name="UsedIn" Val="simulation"/>
      </FileInfo>
    </File>
    <Config>
      <Option Name="DesignMode" Val="RTL"/>
      <Option Name="TopModule" Val="switch_to_led"/>
      <Option Name="TopAutoSet" Val="TRUE"/>
    </Config>
  </FileSet>
  <FileSet Name="constrs_in" Type="Constrs" RelSrcDir="$PSRCDIR/constrs_1">
    <Filter Type="Constrs"/>
    <File Path="$PPRDIR/clock.xdc">
      <FileInfo>
        <Attr Name="UsedIn" Val="synthesis"/>
        <Attr Name="UsedIn" Val="implementation"/>
      </FileInfo>
    </File>
    <File Path="$PPRDIR/pin.xdc">
      <FileInfo>
        <Attr Name="UsedIn" Val="synthesis"/>
        <Attr Name="UsedIn" Val="implementation"/>
      </FileInfo>
    </File>
    <Config>
      <Option Name="ConstrsType" Val="XDC"/>
    </Config>
  </FileSet>
  <FileSet Name="utils" Type="Utils" RelSrcDir="$PSRCDIR/utils_1">
    <Filter Type="Utils"/>
    <Config>
      <Option Name="TopAutoSet" Val="TRUE"/>
    </Config>
  </FileSet>
  <Strategy Version="1" Minor="2">
    <StratHandle Name="Vivado Implementation Defaults" Flow="Vivado Implementation 2018"/>
    <Step Id="init_design"/>
    <Step Id="opt_design"/>
    <Step Id="power_opt_design"/>
    <Step Id="place_design"/>
    <Step Id="post_place_power_opt_design"/>
    <Step Id="phys_opt_design"/>
    <Step Id="route_design"/>
    <Step Id="post_route_phys_opt_design"/>
    <Step Id="write_bitstream"/>
  </Strategy>
</GenRun>
