<?xml version="1.0" encoding="UTF-8"?>
<GenRun Id="impl_1" LaunchPart="xc7a100tfgg484-1" LaunchTime="1637637097">
  <File Type="BITSTR-BMM" Name="led_display_ctrl_bd.bmm"/>
  <File Type="ROUTE-PWR" Name="led_display_ctrl_power_routed.rpt"/>
  <File Type="PA-TCL" Name="led_display_ctrl.tcl"/>
  <File Type="OPT-DCP" Name="led_display_ctrl_opt.dcp"/>
  <File Type="ROUTE-PWR-SUM" Name="led_display_ctrl_power_summary_routed.pb"/>
  <File Type="REPORTS-TCL" Name="led_display_ctrl_reports.tcl"/>
  <File Type="OPT-DRC" Name="led_display_ctrl_drc_opted.rpt"/>
  <File Type="OPT-HWDEF" Name="led_display_ctrl.hwdef"/>
  <File Type="PWROPT-DCP" Name="led_display_ctrl_pwropt.dcp"/>
  <File Type="PLACE-DCP" Name="led_display_ctrl_placed.dcp"/>
  <File Type="PLACE-IO" Name="led_display_ctrl_io_placed.rpt"/>
  <File Type="PLACE-UTIL" Name="led_display_ctrl_utilization_placed.rpt"/>
  <File Type="PLACE-UTIL-PB" Name="led_display_ctrl_utilization_placed.pb"/>
  <File Type="PLACE-CTRL" Name="led_display_ctrl_control_sets_placed.rpt"/>
  <File Type="PLACE-PRE-SIMILARITY" Name="led_display_ctrl_incremental_reuse_pre_placed.rpt"/>
  <File Type="BG-BGN" Name="led_display_ctrl.bgn"/>
  <File Type="POSTPLACE-PWROPT-DCP" Name="led_display_ctrl_postplace_pwropt.dcp"/>
  <File Type="BG-BIN" Name="led_display_ctrl.bin"/>
  <File Type="PHYSOPT-DCP" Name="led_display_ctrl_physopt.dcp"/>
  <File Type="BITSTR-MSK" Name="led_display_ctrl.msk"/>
  <File Type="ROUTE-ERROR-DCP" Name="led_display_ctrl_routed_error.dcp"/>
  <File Type="ROUTE-DCP" Name="led_display_ctrl_routed.dcp"/>
  <File Type="ROUTE-BLACKBOX-DCP" Name="led_display_ctrl_routed_bb.dcp"/>
  <File Type="ROUTE-DRC" Name="led_display_ctrl_drc_routed.rpt"/>
  <File Type="ROUTE-DRC-PB" Name="led_display_ctrl_drc_routed.pb"/>
  <File Type="BITSTR-LTX" Name="led_display_ctrl.ltx"/>
  <File Type="ROUTE-DRC-RPX" Name="led_display_ctrl_drc_routed.rpx"/>
  <File Type="BITSTR-MMI" Name="led_display_ctrl.mmi"/>
  <File Type="ROUTE-METHODOLOGY-DRC" Name="led_display_ctrl_methodology_drc_routed.rpt"/>
  <File Type="ROUTE-METHODOLOGY-DRC-RPX" Name="led_display_ctrl_methodology_drc_routed.rpx"/>
  <File Type="BITSTR-SYSDEF" Name="led_display_ctrl.sysdef"/>
  <File Type="ROUTE-METHODOLOGY-DRC-PB" Name="led_display_ctrl_methodology_drc_routed.pb"/>
  <File Type="ROUTE-PWR-RPX" Name="led_display_ctrl_power_routed.rpx"/>
  <File Type="ROUTE-STATUS" Name="led_display_ctrl_route_status.rpt"/>
  <File Type="ROUTE-STATUS-PB" Name="led_display_ctrl_route_status.pb"/>
  <File Type="ROUTE-TIMINGSUMMARY" Name="led_display_ctrl_timing_summary_routed.rpt"/>
  <File Type="ROUTE-TIMING-PB" Name="led_display_ctrl_timing_summary_routed.pb"/>
  <File Type="ROUTE-TIMING-RPX" Name="led_display_ctrl_timing_summary_routed.rpx"/>
  <File Type="RDI-RDI" Name="led_display_ctrl.vdi"/>
  <File Type="ROUTE-CLK" Name="led_display_ctrl_clock_utilization_routed.rpt"/>
  <File Type="ROUTE-BUS-SKEW" Name="led_display_ctrl_bus_skew_routed.rpt"/>
  <File Type="ROUTE-BUS-SKEW-PB" Name="led_display_ctrl_bus_skew_routed.pb"/>
  <File Type="ROUTE-BUS-SKEW-RPX" Name="led_display_ctrl_bus_skew_routed.rpx"/>
  <File Type="POSTROUTE-PHYSOPT-DCP" Name="led_display_ctrl_postroute_physopt.dcp"/>
  <File Type="POSTROUTE-PHYSOPT-BLACKBOX-DCP" Name="led_display_ctrl_postroute_physopt_bb.dcp"/>
  <File Type="BG-BIT" Name="led_display_ctrl.bit"/>
  <File Type="BITSTR-RBT" Name="led_display_ctrl.rbt"/>
  <File Type="BITSTR-NKY" Name="led_display_ctrl.nky"/>
  <File Type="BG-DRC" Name="led_display_ctrl.drc"/>
  <File Type="WBT-USG" Name="usage_statistics_webtalk.html"/>
  <FileSet Name="sources" Type="DesignSrcs" RelSrcDir="$PSRCDIR/sources_1">
    <Filter Type="Srcs"/>
    <File Path="$PPRDIR/led_display_ctrl.v">
      <FileInfo>
        <Attr Name="UsedIn" Val="synthesis"/>
        <Attr Name="UsedIn" Val="implementation"/>
        <Attr Name="UsedIn" Val="simulation"/>
      </FileInfo>
    </File>
    <Config>
      <Option Name="DesignMode" Val="RTL"/>
      <Option Name="TopModule" Val="led_display_ctrl"/>
      <Option Name="TopAutoSet" Val="TRUE"/>
    </Config>
  </FileSet>
  <FileSet Name="constrs_in" Type="Constrs" RelSrcDir="$PSRCDIR/constrs_1">
    <Filter Type="Constrs"/>
    <File Path="$PSRCDIR/constrs_1/new/clock.xdc">
      <FileInfo>
        <Attr Name="UsedIn" Val="synthesis"/>
        <Attr Name="UsedIn" Val="implementation"/>
      </FileInfo>
    </File>
    <File Path="$PSRCDIR/constrs_1/new/pin.xdc">
      <FileInfo>
        <Attr Name="UsedIn" Val="synthesis"/>
        <Attr Name="UsedIn" Val="implementation"/>
      </FileInfo>
    </File>
    <Config>
      <Option Name="ConstrsType" Val="XDC"/>
    </Config>
  </FileSet>
  <FileSet Name="utils" Type="Utils" RelSrcDir="$PSRCDIR/utils_1">
    <Filter Type="Utils"/>
    <Config>
      <Option Name="TopAutoSet" Val="TRUE"/>
    </Config>
  </FileSet>
  <Strategy Version="1" Minor="2">
    <StratHandle Name="Vivado Implementation Defaults" Flow="Vivado Implementation 2018"/>
    <Step Id="init_design"/>
    <Step Id="opt_design"/>
    <Step Id="power_opt_design"/>
    <Step Id="place_design"/>
    <Step Id="post_place_power_opt_design"/>
    <Step Id="phys_opt_design"/>
    <Step Id="route_design"/>
    <Step Id="post_route_phys_opt_design"/>
    <Step Id="write_bitstream"/>
  </Strategy>
</GenRun>
